country,rating,snapshot_date
Spain,1947,2026-10-03
Argentina,2174,2026-10-03
England,2114,2026-10-03
France,2088,2026-10-03
Portugal,2047,2026-10-03
Brazil,2001,2026-10-03
Colombia,2000,2026-10-03
Belgium,1972,2026-10-03
Netherlands,1970,2026-10-03
Switzerland,1968,2026-10-03
Mexico,1910,2026-10-03
Norway,1908,2026-10-03
Morocco,1904,2026-10-03
Italy,1897,2026-10-03
Japan,1895,2026-10-03
Germany,1894,2026-10-03
Croatia,1891,2026-10-03
Ecuador,1857,2026-10-03
Uruguay,1850,2026-10-03
Denmark,1844,2026-10-03
Austria,1843,2026-10-03
Paraguay,1821,2026-10-03
Greece,1805,2026-10-03
Senegal,1803,2026-10-03
Australia,1786,2026-10-03
Russia,1782,2026-10-03
Turkey,1781,2026-10-03
United States,1766,2026-10-03
Sweden,1759,2026-10-03
Ukraine,1747,2026-10-03
Algeria,1743,2026-10-03
Ivory Coast,1739,2026-10-03
Iran,1738,2026-10-03
Canada,1736,2026-10-03
Egypt,1732,2026-10-03
Venezuela,1732,2026-10-03
South Korea,1722,2026-10-03
Scotland,1721,2026-10-03
Republic of Ireland,1717,2026-10-03
Kosovo,1708,2026-10-03
Nigeria,1706,2026-10-03
Hungary,1702,2026-10-03
Poland,1702,2026-10-03
Chile,1701,2026-10-03
Wales,1698,2026-10-03
Peru,1695,2026-10-03
Slovenia,1694,2026-10-03
DR Congo,1693,2026-10-03
Serbia,1687,2026-10-03
Northern Ireland,1681,2026-10-03
Slovakia,1665,2026-10-03
Czech Republic,1659,2026-10-03
Bosnia and Herzegovina,1655,2026-10-03
Uzbekistan,1653,2026-10-03
Panama,1646,2026-10-03
Saudi Arabia,1634,2026-10-03
Albania,1632,2026-10-03
Jordan,1622,2026-10-03
Mali,1621,2026-10-03
Georgia,1619,2026-10-03
Bolivia,1613,2026-10-03
Israel,1613,2026-10-03
Cameroon,1606,2026-10-03
Iceland,1591,2026-10-03
Haiti,1586,2026-10-03
South Africa,1579,2026-10-03
Romania,1569,2026-10-03
Costa Rica,1564,2026-10-03
Honduras,1564,2026-10-03
United Arab Emirates,1562,2026-10-03
North Macedonia,1561,2026-10-03
New Zealand,1561,2026-10-03
Cape Verde,1560,2026-10-03
Angola,1557,2026-10-03
Iraq,1546,2026-10-03
Tunisia,1533,2026-10-03
Finland,1532,2026-10-03
Burkina Faso,1524,2026-10-03
Jamaica,1514,2026-10-03
Belarus,1514,2026-10-03
Ghana,1512,2026-10-03
Guatemala,1512,2026-10-03
Palestine,1511,2026-10-03
Montenegro,1503,2026-10-03
Curacao,1494,2026-10-03
Oman,1485,2026-10-03
Syria,1479,2026-10-03
Gambia,1469,2026-10-03
SR,1467,2026-10-03
Guinea,1463,2026-10-03
Qatar,1456,2026-10-03
Uganda,1447,2026-10-03
NS,1442,2026-10-03
Luxembourg,1439,2026-10-03
Benin,1433,2026-10-03
Vietnam,1426,2026-10-03
KD,1424,2026-10-03
Bulgaria,1423,2026-10-03
Gabon,1421,2026-10-03
LY,1394,2026-10-03
KZ,1393,2026-10-03
Faroe Islands,1392,2026-10-03
Equatorial Guinea,1392,2026-10-03
Zambia,1391,2026-10-03
RW,1391,2026-10-03
Mozambique,1384,2026-10-03
Estonia,1383,2026-10-03
Zimbabwe,1381,2026-10-03
KM,1379,2026-10-03
Thailand,1376,2026-10-03
North Korea,1375,2026-10-03
Madagascar,1372,2026-10-03
NE,1371,2026-10-03
China PR,1367,2026-10-03
Togo,1366,2026-10-03
GW,1354,2026-10-03
RE,1345,2026-10-03
El Salvador,1343,2026-10-03
Kenya,1341,2026-10-03
Armenia,1341,2026-10-03
Sudan,1340,2026-10-03
Trinidad and Tobago,1336,2026-10-03
Cyprus,1336,2026-10-03
Mauritania,1335,2026-10-03
Indonesia,1331,2026-10-03
ZN,1321,2026-10-03
GY,1318,2026-10-03
Bahrain,1314,2026-10-03
Azerbaijan,1313,2026-10-03
SL,1307,2026-10-03
DO,1307,2026-10-03
Namibia,1306,2026-10-03
Malaysia,1304,2026-10-03
Moldova,1301,2026-10-03
Kyrgyzstan,1296,2026-10-03
BW,1295,2026-10-03
BI,1292,2026-10-03
Lithuania,1291,2026-10-03
Lebanon,1290,2026-10-03
Kuwait,1289,2026-10-03
MQ,1286,2026-10-03
Nicaragua,1279,2026-10-03
LR,1276,2026-10-03
TZ,1276,2026-10-03
GP,1270,2026-10-03
ET,1268,2026-10-03
Tajikistan,1267,2026-10-03
Malta,1257,2026-10-03
Latvia,1256,2026-10-03
Cuba,1255,2026-10-03
MW,1247,2026-10-03
YE,1242,2026-10-03
YT,1216,2026-10-03
Turkmenistan,1209,2026-10-03
CF,1208,2026-10-03
Congo,1207,2026-10-03
ER,1206,2026-10-03
GF,1206,2026-10-03
VC,1187,2026-10-03
LS,1187,2026-10-03
NC,1186,2026-10-03
VU,1170,2026-10-03
TI,1160,2026-10-03
PR,1155,2026-10-03
SG,1149,2026-10-03
SW,1149,2026-10-03
India,1136,2026-10-03
PH,1131,2026-10-03
FJ,1119,2026-10-03
PG,1112,2026-10-03
SB,1110,2026-10-03
HK,1106,2026-10-03
SS,1097,2026-10-03
MU,1078,2026-10-03
KN,1075,2026-10-03
TD,1073,2026-10-03
BM,1068,2026-10-03
Andorra,1062,2026-10-03
BZ,1062,2026-10-03
LC,1058,2026-10-03
GD,1047,2026-10-03
ST,1037,2026-10-03
GI,1022,2026-10-03
MF,1020,2026-10-03
MM,1014,2026-10-03
MS,1008,2026-10-03
AW,1007,2026-10-03
JS,1005,2026-10-03
EH,996,2026-10-03
SO,976,2026-10-03
AF,961,2026-10-03
BB,960,2026-10-03
SX,956,2026-10-03
GL,945,2026-10-03
DJ,941,2026-10-03
BD,919,2026-10-03
PK,913,2026-10-03
MC,903,2026-10-03
Liechtenstein,901,2026-10-03
NP,1008,2026-10-03
AG,1319,2026-10-03
DM,1330,2026-10-03
KH,1391,2026-10-03
LK,1044,2026-10-03
San Marino,1015,2026-10-03
Seychelles,1123,2026-10-03
BQ,1130,2026-10-03
KY,1140,2026-10-03
MV,1174,2026-10-03
LA,1015,2026-10-03
VG,932,2026-10-03
BS,940,2026-10-03
MO,1098,2026-10-03
BN,949,2026-10-03
